Castlevania Season 4,4.35
Doukyuusei,4.35
ERASED,4.35
The Rising of the Shield Hero,4.35
To Your Eternity,4.35
Hajime no Ippo: Rising,4.35
Gintama: Porori-hen,4.36
March Comes in like a Lion 2nd Season,4.36
Natsume's Book of Friends Season 3,4.36
Attack on Titan 2nd Season,4.36
I Want to Eat Your Pancreas,4.36
Rascal Does Not Dream of a Dreaming Girl,4.36
Given Movie,4.36
Mushishi Zoku Shou,4.36
Princess Mononoke,4.36
Kuroko's Basketball 3,4.36
BTS: We are Bulletproof - the Eternal,4.36
Haikyuu!! Movie 4: Battle of Concepts,4.36
Dr. Stone,4.36
Attack on Titan: No Regrets,4.36
Horimiya,4.36
Cowboy Bebop,4.36
Hotarubi no Mori e,4.36
The Disastrous Life of Saiki K. 2nd Season,4.36
Monogatari Series: Second Season,4.36
JoJo’s Bizarre Adventure: Stardust Crusaders - Battle in Egypt,4.37
Yona of the Dawn: Zeno Arc,4.37
JoJo's Bizarre Adventure: Diamond is Unbreakable,4.37
Kamisama Kiss: Kako-hen,4.37
Hajime no Ippo: New Challenger,4.37
Mushishi Zoku Shou 2nd Season,4.37
Attack on Titan,4.37
Haikyuu!! Tokushuu! Harukou Volley ni Kaketa Seishun,4.37
Kaguya-sama: Love Is War?,4.37
Violet Evergarden,4.39
That Time I Got Reincarnated as a Slime,4.39
My Hero Academia 2,4.39
Wolf Children,4.39
SK8 the Infinity,4.38
Hajime no Ippo: The Fighting!,4.38
Code Geass: Lelouch of the Rebellion,4.38
Natsume's Book of Friends Season 4,4.4
Assassination Classroom 2nd Season,4.4
Natsume's Book of Friends Season 5,4.4
My Hero Academia 3,4.4
JoJo's Bizarre Adventure: Stone Ocean,4.42
Vinland Saga,4.42
Haikyuu!!,4.43
Gintama',4.43
One-Punch Man,4.43
Demon Slayer: Kimetsu no Yaiba - Mugen Train,4.43
Gintama°,4.43
Howl's Moving Castle,4.43
Natsume's Book of Friends Season 6,4.43
JoJo's Bizarre Adventure: Golden Wind,4.43
Gintama.: Shirogane no Tamashii-hen 2,4.44
Clannad After Story,4.44
Mo Dao Zu Shi,4.44
Gintama': Enchousen,4.44
Banana Fish,4.44
Douluo Dalu 2,4.44
Gintama Kanketsu-hen: Yorozuya yo Eien Nare,4.44
Gintama.,4.44
Gintama.: Shirogane no Tamashii-hen,4.44
Attack on Titan 3rd Season,4.44
Steins;Gate,4.44
Fruits Basket 2nd Season,4.45
The Promised Neverland,4.45
Spirited Away,4.45
That Time I Got Reincarnated as a Slime Season 2: Part II,4.45
Heaven Official's Blessing,4.45
Ranking of Kings,4.45
Mushoku Tensei: Jobless Reincarnation - Part II,4.45
Mo Dao Zu Shi 2,4.46
Gintama: The Very Final,4.46
Link Click,4.46
Mob Psycho 100 II,4.46
Haikyuu!! To the Top,4.46
Code Geass: Lelouch of the Rebellion R2,4.47
That Time I Got Reincarnated as a Slime Season 2,4.48
Given,4.48
Violet Evergarden Movie,4.5
Haikyuu!! To the Top: Part II,4.5
Heaven Official's Blessing Special,4.5
your name.,4.51
Haikyuu!! Second Season,4.51
Demon Slayer: Kimetsu no Yaiba,4.51
Hunter x Hunter (2011),4.51
A Silent Voice,4.51
Haikyuu!! Karasuno High School vs Shiratorizawa Academy,4.53
Demon Slayer: Kimetsu no Yaiba Movie - Mugen Train,4.54
Jujutsu Kaisen,4.56
Attack on Titan The Final Season: Part II,4.56
Attack on Titan The Final Season,4.55
Attack on Titan 3rd Season: Part II,4.57
Mo Dao Zu Shi 3,4.58
Fullmetal Alchemist: Brotherhood,4.58
Demon Slayer: Kimetsu no Yaiba - Entertainment District Arc,4.6
Fruits Basket the Final Season,4.6
